{
  "filename": "1309.png",
  "keywords": [
    "Leather Scalemail Leggings",
    "Gray-tinted Enchanted Armor",
    "Ancient Pathwarden Symbols Embossed",
    "Fantasy Protection Garment",
    "Mythical Gray Scale Armor",
    "database-verified"
  ],
  "model": "llava:latest",
  "processed": true,
  "refined": true,
  "name": "Pathwarden Scale Leggings",
  "keywords_refined": true,
  "refinement_model": "mistral:7b-instruct",
  "name_corrected": true,
  "weenie_type": "2",
  "class_id": "33602",
  "database_matched": true
}